"Time_s","Power_kW"
"0","0"
"1","20.3140094155523"
"2","40.6355321145418"
"3","41.5438812504512"
"4","24.1962848855291"
"5","27.2589974684775"
"6","26.4580979461168"
"7","16.9523862316658"
"8","6.16971113179423"
"9","2.72495862534242"
"10","2.95303251334924"
"11","5.18826239014536"
"12","12.6148733571915"
"13","20.6905790516807"
"14","24.8066335069606"
"15","23.6080511546657"
"16","19.2996968263716"
"17","14.4128265329599"
"18","12.8566070524689"
"19","13.4996217012585"
"20","13.6014474306428"
"21","13.7033136441215"
"22","13.8052206393719"
"23","13.9071687140708"
"24","14.0091581658958"
"25","14.1111892925238"
"26","14.213262391632"
"27","14.3153777608976"
"28","14.4175356979978"
"29","14.5197365006097"
"30","14.6219804664105"
"31","14.7242678930774"
"32","14.8265990782874"
"33","14.9289743197179"
"34","15.0313939150458"
"35","15.1338581619484"
"36","14.6224358350806"
"37","16.532184982594"
"38","23.5778733157457"
"39","28.1906861950572"
"40","23.9612550178963"
"41","13.1951306784694"
"42","1.97173576521915"
"43","-2.30728799784608"
"44","2.6047332172755"
"45","10.6619725505725"
"46","12.9765209028229"
"47","12.2162869846942"
"48","12.2162869846942"
"49","12.2162869846942"
"50","12.2162869846942"
"51","12.2162869846942"
"52","12.2162869846942"
"53","12.2162869846942"
"54","12.2162869846942"
"55","11.8361700256299"
"56","12.956105462281"
"57","16.7030717255799"
"58","20.66335523806"
"59","22.0098642419328"
"60","22.6966808575402"
"61","25.5158365320083"
"62","28.5638849161107"
"63","30.1159056954503"
"64","31.8596958197368"
"65","28.9813339783335"
"66","16.9672753138513"
"67","4.52538405874724"
"68","0.674901172868434"
"69","1.87616622808069"
"70","1.83122176339793"
"71","1.7868407069266"
"72","1.7430123610425"
"73","1.69972602812143"
"74","1.18128178748135"
"75","2.54129435416746"
"76","6.92131544628861"
"77","9.7649048849898"
"78","16.3705397378512"
"79","28.8755091213504"
"80","39.052047700825"
"81","34.4502450508654"
"82","19.0896008805128"
"83","8.27073054349795"
"84","4.56882391384019"
"85","5.59751150489311"
"86","5.74562868755646"
"87","6.39606496010374"
"88","7.03976358988769"
"89","7.18531154768726"
"90","7.03288083533469"
"91","6.95423211307144"
"92","6.87571828557974"
"93","6.79733791013474"
"94","6.71908954401164"
"95","6.64097174448562"
"96","6.56298306883181"
"97","6.48512207432536"
"98","6.18503656957497"
"99","6.76225061315054"
"100","8.80481958893249"
"101","10.8747610776448"
"102","11.5377265621938"
"103","12.0264483667051"
"104","9.94228106789703"
"105","2.37984055435101"
"106","-2.06210809270398"
"107","1.98852183558507"
"108","8.71472896495273"
"109","10.6345002347361"
"110","9.99026765772309"
"111","9.97887877099737"
"112","9.96749072575942"
"113","9.95610352107001"
"114","9.94471715599007"
"115","9.93333162958032"
"116","9.92194694090172"
"117","9.91056308901509"
"118","9.89918007298124"
"119","9.88779789186102"
"120","9.8764165447152"
"121","9.86503603060467"
"122","9.85365634859035"
"123","9.842277497733"
"124","9.83089947709343"
"125","9.81952228573257"
"126","9.8081459227112"
"127","9.79677038709009"
"128","9.78539567793016"
"129","9.77402179429238"
"130","9.76264873523741"
"131","9.75127649982613"
"132","9.73990508711932"
"133","9.72853449617791"
"134","9.71716472606278"
"135","9.70579577583467"
"136","9.69442764455444"
"137","9.68306033128293"
"138","9.67169383508097"
"139","9.66032815500951"
"140","9.64896329012932"
"141","9.63759923950114"
"142","9.62623600218589"
"143","9.61487357724446"
"144","9.6035119637376"
"145","9.59215116072616"
"146","9.58079116727111"
"147","9.56943198243318"
"148","9.55807360527318"
"149","9.54671603485195"
"150","9.5353592702304"
"151","9.52400331046933"
"152","9.5126481546296"
"153","9.50129380177209"
"154","9.48994025095756"
"155","9.47858750124681"
"156","9.46723555170079"
"157","9.45588440138029"
"158","9.44453404934612"
"159","9.43318449465926"
"160","9.42183573638036"
"161","9.41048777357036"
"162","9.39914060529013"
"163","9.38779423060038"
"164","9.37644864856207"
"165","9.36510385823603"
"166","9.35375985868303"
"167","9.34241664896397"
"168","9.33107422813966"
"169","9.31973259527094"
"170","9.30839174941871"
"171","9.29705168964375"
"172","9.28571241500689"
"173","9.27437392456898"
"174","9.26303621739088"
"175","9.25169929253341"
"176","9.2403631490574"
"177","9.22902778602369"
"178","9.21769320249321"
"179","9.20635939752674"
"180","9.19502637018502"
"181","9.18369411952901"
"182","9.17236264461956"
"183","9.16103194451738"
"184","9.14970201828339"
"185","9.13837286497854"
"186","9.12704448366351"
"187","9.11571687339916"
"188","9.10439003324636"
"189","9.093063962266"
"190","9.0817386595189"
"191","9.07041412406578"
"192","9.05909035496759"
"193","9.04776735128521"
"194","9.03644511207939"
"195","9.02512363641097"
"196","9.01380292334084"
"197","9.00248297192982"
"198","8.99116378123876"
"199","8.9798453503285"
"200","8.9685276782598"
"201","8.95721076409361"
"202","8.94589460689075"
"203","8.93457920571196"
"204","8.92326455961823"
"205","8.91195066767028"
"206","8.90063752892904"
"207","8.88932514245532"
"208","8.87801350730986"
"209","8.86670262255363"
"210","8.85539248724746"
"211","8.84408310045207"
"212","8.83277446122842"
"213","8.82146656863732"
"214","8.81015942173959"
"215","8.79885301959612"
"216","8.78754736126763"
"217","8.77624244581511"
"218","8.76493827229931"
"219","8.75363483978108"
"220","8.7423321473213"
"221","8.73103019398075"
"222","8.71972897882028"
"223","8.70842850090079"
"224","8.69712875928306"
"225","8.68582975302789"
"226","8.67453148119625"
"227","8.6632339428489"
"228","8.65193713704666"
"229","8.64064106285037"
"230","8.62934571932095"
"231","8.61805110551918"
"232","8.60675722050589"
"233","8.5954640633419"
"234","8.58417163308811"
"235","8.57287992880533"
"236","8.56158894955443"
"237","8.55029869439619"
"238","8.53900916239147"
"239","8.52772035260113"
"240","8.51643226408603"
"241","8.50514489590696"
"242","8.49385824712471"
"243","8.48257231680027"
"244","8.47128710399442"
"245","8.46000260776794"
"246","8.44871882718169"
"247","8.43743576129654"
"248","8.42615340917334"
"249","8.41487176987291"
"250","8.403590842456"
"251","8.3923106259836"
"252","8.38103111951654"
"253","8.36975232211553"
"254","8.35847423284148"
"255","8.07859052011385"
"256","8.85340551701645"
"257","11.499029680156"
"258","14.340473210099"
"259","15.5426393411458"
"260","15.60597659026"
"261","15.949938229258"
"262","16.2941357149188"
"263","16.6385740805555"
"264","16.983258359481"
"265","17.3281935850082"
"266","17.6733847904499"
"267","18.0188370091192"
"268","18.3645552743289"
"269","18.7105446193921"
"270","19.0568100776215"
"271","19.4033566823302"
"272","19.7501894668312"
"273","20.0973134644371"
"274","20.4447337084611"
"275","20.7924552322161"
"276","21.140483069015"
"277","21.4888222521705"
"278","21.8374778149959"
"279","22.186454790804"
"280","22.5357582129078"
"281","22.88539311462"
"282","23.2353645292535"
"283","23.5856774901215"
"284","23.9363370305368"
"285","24.6464682060902"
"286","23.9354237456391"
"287","20.6394360854444"
"288","17.1657208049433"
"289","16.070529615608"
"290","16.4746319663193"
"291","16.5080373058632"
"292","16.5414501880391"
"293","16.5748706275215"
"294","16.6082986389848"
"295","16.6417342371037"
"296","16.6751774365522"
"297","16.7086282520048"
"298","16.742086698136"
"299","16.7755527896199"
"300","16.8090265411311"
"301","16.8425079673439"
"302","16.8759970829328"
"303","16.9094939025722"
"304","16.9429984409363"
"305","16.9765107126995"
"306","17.0100307325361"
"307","17.0435585151208"
"308","17.077094075128"
"309","17.1106374272317"
"310","17.1441885861064"
"311","17.1777475664265"
"312","17.2113143828667"
"313","17.2448890501009"
"314","17.2784715828037"
"315","17.3769835588169"
"316","17.2184353690082"
"317","16.6135123182716"
"318","15.9917847426904"
"319","15.7936357769424"
"320","15.8587986842105"
"321","15.8587986842105"
"322","15.8587986842105"
"323","15.8587986842105"
"324","15.8587986842105"
"325","15.8587986842105"
"326","15.8587986842105"
"327","15.8587986842105"
"328","15.8587986842105"
"329","15.8587986842105"
"330","15.8587986842105"
"331","15.8587986842105"
"332","15.8587986842105"
"333","15.8587986842105"
"334","15.8587986842105"
"335","15.8587986842105"
"336","15.8587986842105"
"337","15.8587986842105"
"338","15.8587986842105"
"339","15.8587986842105"
"340","15.8587986842105"
"341","15.8587986842105"
"342","15.8587986842105"
"343","15.8587986842105"
"344","15.8587986842105"
"345","15.9239615914788"
"346","15.7310917403432"
"347","15.0935271702162"
"348","14.4428586847933"
"349","14.2174674846808"
"350","14.2544299973587"
"351","14.2264788270125"
"352","14.1985355221347"
"353","14.170600068051"
"354","14.1426724500873"
"355","14.1147526535691"
"356","14.0868406638219"
"357","14.0589364661714"
"358","14.0310400459432"
"359","14.0031513884629"
"360","13.9752704790561"
"361","13.9473973030487"
"362","13.919531845766"
"363","13.8916740925335"
"364","13.8638240286772"
"365","13.8359816395224"
"366","13.8081469103948"
"367","13.7803198266203"
"368","13.7525003735243"
"369","13.7246885364323"
"370","13.69688430067"
"371","13.6690876515631"
"372","13.6412985744371"
"373","13.6135170546177"
"374","13.5857430774306"
"375","13.496192538347"
"376","13.6511448529817"
"377","14.2254631568129"
"378","14.8127791606691"
"379","15.0000064015814"
"380","14.9384636558281"
"381","14.9384636558281"
"382","14.9384636558281"
"383","14.9384636558281"
"384","14.9384636558281"
"385","14.9384636558281"
"386","14.9384636558281"
"387","14.9384636558281"
"388","14.9384636558281"
"389","14.9384636558281"
"390","14.9384636558281"
"391","14.9384636558281"
"392","14.9384636558281"
"393","14.9384636558281"
"394","14.9384636558281"
"395","14.9384636558281"
"396","14.9384636558281"
"397","14.9384636558281"
"398","14.9384636558281"
"399","14.9384636558281"
"400","14.9384636558281"
"401","14.9384636558281"
"402","14.9384636558281"
"403","14.9384636558281"
"404","14.9384636558281"
"405","16.1693185708935"
"406","12.5208845355329"
"407","0.570282464558584"
"408","-9.86968546655891"
"409","-12.5266648363541"
"410","-11.0317327473958"
"411","-10.5581381455162"
"412","-10.0822656393632"
"413","-9.60422117797281"
"414","-9.93001899962266"
"415","-7.08340859772083"
"416","0.256760703861378"
"417","7.90895069600794"
"418","10.3404680934267"
"419","9.54403256014909"
"420","9.54403256014909"
"421","9.54403256014909"
"422","9.54403256014909"
"423","9.54403256014909"
"424","9.54403256014909"
"425","9.54403256014909"
"426","9.54403256014909"
"427","9.54403256014909"
"428","9.54403256014909"
"429","9.54403256014909"
"430","9.54403256014909"
"431","9.54403256014909"
"432","9.54403256014909"
"433","9.54403256014909"
"434","9.54403256014909"
"435","9.54403256014909"
"436","9.54403256014909"
"437","9.54403256014909"
"438","9.54403256014909"
"439","9.54403256014909"
"440","9.54403256014909"
"441","9.54403256014909"
"442","9.54403256014909"
"443","9.54403256014909"
"444","9.54403256014909"
"445","9.54403256014909"
"446","9.54403256014909"
"447","9.54403256014909"
"448","9.54403256014909"
"449","9.54403256014909"
"450","9.54403256014909"
"451","9.54403256014909"
"452","9.54403256014909"
"453","9.54403256014909"
"454","9.54403256014909"
"455","9.54403256014909"
"456","9.54403256014909"
"457","9.54403256014909"
"458","9.54403256014909"
"459","9.54403256014909"
"460","9.54403256014909"
"461","9.54403256014909"
"462","9.54403256014909"
"463","9.54403256014909"
"464","9.54403256014909"
"465","9.54403256014909"
"466","9.54403256014909"
"467","9.54403256014909"
"468","9.54403256014909"
"469","9.54403256014909"
"470","9.54403256014909"
"471","9.54403256014909"
"472","9.54403256014909"
"473","9.54403256014909"
"474","9.54403256014909"
"475","9.54403256014909"
"476","9.54403256014909"
"477","9.54403256014909"
"478","9.54403256014909"
"479","9.54403256014909"
"480","9.54403256014909"
"481","9.54403256014909"
"482","9.54403256014909"
"483","9.54403256014909"
"484","9.54403256014909"
"485","9.54403256014909"
"486","9.54403256014909"
"487","9.54403256014909"
"488","9.54403256014909"
"489","9.54403256014909"
"490","9.54403256014909"
"491","9.54403256014909"
"492","9.54403256014909"
"493","9.54403256014909"
"494","9.54403256014909"
"495","9.54403256014909"
"496","9.54403256014909"
"497","9.54403256014909"
"498","9.54403256014909"
"499","9.54403256014909"
"500","9.54403256014909"
"501","9.54403256014909"
"502","9.54403256014909"
"503","9.54403256014909"
"504","9.54403256014909"
"505","9.54403256014909"
"506","9.54403256014909"
"507","9.54403256014909"
"508","9.54403256014909"
"509","9.54403256014909"
"510","9.54403256014909"
"511","9.54403256014909"
"512","9.54403256014909"
"513","9.54403256014909"
"514","9.54403256014909"
"515","9.54403256014909"
"516","9.54403256014909"
"517","9.54403256014909"
"518","9.54403256014909"
"519","9.54403256014909"
"520","9.54403256014909"
"521","9.54403256014909"
"522","9.54403256014909"
"523","9.54403256014909"
"524","9.54403256014909"
"525","9.54403256014909"
"526","9.54403256014909"
"527","9.54403256014909"
"528","9.54403256014909"
"529","9.54403256014909"
"530","9.54403256014909"
"531","9.54403256014909"
"532","9.54403256014909"
"533","9.54403256014909"
"534","9.9422503267879"
"535","8.77077642144999"
"536","4.87180757365178"
"537","0.627810171970035"
"538","0.599309359939692"
"539","4.46513108007745"
"540","5.74954558901434"
"541","13.1373514233967"
"542","37.7016497363366"
"543","60.2787733668791"
"544","45.0149168207079"
"545","10.1459386615782"
"546","-1.39881710142302"
"547","5.98677830375502"
"548","19.8181729610641"
"549","34.9170837129454"
"550","42.4556314376999"
"551","41.0445747255707"
"552","35.8241214809946"
"553","29.6697374635119"
"554","27.9574072414785"
"555","29.2984376649249"
"556","29.8860161662348"
"557","30.4743577353938"
"558","31.0634770467837"
"559","31.6533887747859"
"560","32.2441075937825"
"561","32.8356481781551"
"562","33.4280252022851"
"563","34.0212533405547"
"564","34.6153472673454"
"565","35.2103216570386"
"566","35.8061911840166"
"567","36.4029705226608"
"568","37.0006743473529"
"569","37.5993173324746"
"570","38.1989141524078"
"571","38.7994794815339"
"572","39.4010279942349"
"573","40.0035743648925"
"574","40.6071332678881"
"575","41.2117193776038"
"576","41.817347368421"
"577","42.4240319147218"
"578","43.0317876908874"
"579","43.6406293712998"
"580","48.7050941801015"
"581","36.0412879339777"
"582","-7.04281537108883"
"583","-44.9951496718642"
"584","-53.6660226401177"
"585","-47.2843533715545"
"586","-44.6075309254608"
"587","-43.4256239453636"
"588","-36.2698063537096"
"589","-20.5557852056473"
"590","-9.94377816534311"
"591","-16.2925191012505"
"592","-15.5901208402115"
"593","8.09085363282955"
"594","36.7625936782634"
"595","48.3365766289613"
"596","48.6167001146673"
"597","48.0698083053392"
"598","39.5936557228706"
"599","29.9112575739677"
"600","27.1712399016002"
"601","27.9725924644009"
"602","25.9863246343905"
"603","23.8731064418002"
"604","23.3005802935679"
"605","23.7142435967638"
"606","23.8839239896476"
"607","24.0537419695345"
"608","24.2236984755849"
"609","24.3937944469588"
"610","24.564030822817"
"611","24.7344085423202"
"612","24.9049285446281"
"613","25.0755917689016"
"614","25.2463991543012"
"615","25.417351639987"
"616","25.5884501651197"
"617","25.7596956688597"
"618","25.9310890903672"
"619","26.1026313688029"
"620","26.2743234433272"
"621","26.4461662531003"
"622","26.6181607372829"
"623","26.7903078350354"
"624","26.9626084855181"
"625","27.1350636278915"
"626","27.3076742013159"
"627","27.4804411449516"
"628","27.6533653979596"
"629","27.8264478995001"
"630","29.2341646653136"
"631","25.7407765711205"
"632","13.7182119351915"
"633","1.65615253663129"
"634","-1.83046970874154"
"635","-0.748189769993967"
"636","-0.756100388675623"
"637","-0.762975805814238"
"638","-0.768833648680425"
"639","-0.773691544545126"
"640","-0.777567120679201"
"641","-0.780478004353434"
"642","-0.782441822838836"
"643","-0.783476203406189"
"644","-0.783598773326355"
"645","-0.782827159870261"
"646","-0.781178990308625"
"647","-0.778671891912317"
"648","-0.775323491952386"
"649","-0.771151417699503"
"650","-0.766173296424526"
"651","-0.760406755398438"
"652","-0.753869421892098"
"653","-0.746578923176245"
"654","-0.73855288652169"
"655","-0.729808939199592"
"656","-0.720364708480565"
"657","-0.710237821635472"
"658","-0.699445905935224"
"659","-0.688006588650732"
"660","-0.977554119627767"
"661","-0.0776406146351095"
"662","2.96525515551834"
"663","5.92325603705825"
"664","6.79441493354045"
"665","6.41477919808846"
"666","6.34360793921128"
"667","6.27250787401416"
"668","3.60514364218653"
"669","11.6723671737101"
"670","35.7655895566384"
"671","60.9765071623612"
"672","77.4286542725649"
"673","80.1750692857858"
"674","54.6688512458325"
"675","-1.86005323511906"
"676","-17.812132836995"
"677","10.8173439091716"
"678","42.8874195093453"
"679","36.1162795464768"
"680","-11.356229847666"
"681","-26.2175229571856"
"682","-4.73724841400008"
"683","11.7000496552232"
"684","-4.03681839930342"
"685","-10.2579280172894"
"686","6.38505983904516"
"687","18.8003089935139"
"688","28.1107258485836"
"689","-30.4462003072014"
"690","-73.8090161657526"
"691","-55.391135837784"
"692","-36.9437923268415"
"693","-18.4768066939164"
"694","-0"
